<?xml version="1.0" encoding="UTF-8"?>
<!DOCTYPE xkbConfigRegistry SYSTEM "xkb.dtd">
<xkbConfigRegistry>
  <modelList/>
  <layoutList>
    <layout>
      <configItem>
        <name>apl</name>
        <shortDescription>apl</shortDescription>
        <description>APL Keyboard Symbols</description>
        <languageList><iso639Id>eng</iso639Id></languageList>
      </configItem>
      <variantList>
        <variant>
          <configItem>
            <name>dyalog</name>
            <shortDescription>dyalog</shortDescription>
            <description>dyalog</description>
          </configItem>
        </variant>
        <variant>
          <configItem>
            <name>sax</name>
            <shortDescription>sax</shortDescription>
            <description>sax</description>
          </configItem>
        </variant>
        <variant>
          <configItem>
            <name>unified</name>
            <shortDescription>unified</shortDescription>
            <description>unified</description>
          </configItem>
        </variant>
        <variant>
          <configItem>
            <name>apl2</name>
            <shortDescription>apl2</shortDescription>
            <description>apl2</description>
          </configItem>
        </variant>
        <variant>
          <configItem>
            <name>aplplusII</name>
            <shortDescription>aplplusII</shortDescription>
            <description>aplplusII</description>
          </configItem>
        </variant>
        <variant>
          <configItem>
            <name>aplx</name>
            <shortDescription>aplx</shortDescription>
            <description>aplx</description>
          </configItem>
        </variant>
        <variant>
          <configItem>
            <name>dyalog_base</name>
            <shortDescription>dyalog_base</shortDescription>
            <description>dyalog without box or op-codes</description>
          </configItem>
        </variant>
      </variantList>
    </layout>
    <layout>
      <configItem>
        <name>ca</name>
        <shortDescription>fr</shortDescription>
        <description>French (Canada)</description>
        <languageList><iso639Id>fr</iso639Id></languageList>
      </configItem>
      <variantList>
        <variant>
          <configItem>
            <name>kut</name>
            <shortDescription>kut</shortDescription>
            <description>Kutenai</description>
          </configItem>
        </variant>
        <variant>
          <configItem>
            <name>shs</name>
            <shortDescription>shs</shortDescription>
            <description>Secwepemctsin</description>
          </configItem>
        </variant>
      </variantList>
    </layout>
    <layout>
      <configItem>
        <name>de</name>
        <shortDescription>de</shortDescription>
        <description>German</description>
        <languageList>
          <iso639Id>ger</iso639Id>
        </languageList>
      </configItem>
      <variantList>
        <variant>
          <configItem>
            <name>us</name>
            <description>German (US keyboard with German letters)</description>
            <languageList>
              <iso639Id>eng</iso639Id>
            </languageList>
          </configItem>
        </variant>
        <variant>
          <configItem>
            <name>hu</name>
            <description>German (with Hungarian letters and no dead keys)</description>
            <languageList>
              <iso639Id>ger</iso639Id>
              <iso639Id>hun</iso639Id>
            </languageList>
          </configItem>
        </variant>
      </variantList>
    </layout>
    <layout>
      <configItem>
        <name>ir</name>
        <shortDescription>fa</shortDescription>
        <description>Persian</description>
        <languageList><iso639Id>per</iso639Id></languageList>
      </configItem>
      <variantList>
        <variant>
          <configItem>
            <name>ave</name>
            <description>Avestan</description>
            <languageList><iso639Id>ave</iso639Id></languageList>
          </configItem>
        </variant>
      </variantList>
    </layout>
    <layout>
      <configItem>
        <name>lt</name>
        <shortDescription>lt</shortDescription>
        <description>Lithuanian</description>
        <languageList><iso639Id>lit</iso639Id></languageList>
      </configItem>
      <variantList>
        <variant>
          <configItem>
            <name>us_dvorak</name>
            <description>Lithuanian (US Dvorak with Lithuanian letters)</description>
          </configItem>
        </variant>
      </variantList>
    </layout>
    <layout>
      <configItem>
        <name>lv</name>
        <shortDescription>lv</shortDescription>
        <description>Latvian</description>
        <languageList>
          <iso639Id>lav</iso639Id>
        </languageList>
      </configItem>
      <variantList>
        <variant>
          <configItem>
            <name>dvorak</name>
            <description>Latvian (US Dvorak)</description>
          </configItem>
        </variant>
        <variant>
          <configItem>
            <name>ykeydvorak</name>
            <description>Latvian (US Dvorak, Y variant)</description>
          </configItem>
        </variant>
        <variant>
          <configItem>
            <name>minuskeydvorak</name>
            <description>Latvian (US Dvorak, minus variant)</description>
          </configItem>
        </variant>
        <variant>
          <configItem>
            <name>dvorakprogr</name>
            <description>Latvian (programmer US Dvorak)</description>
          </configItem>
        </variant>
        <variant>
          <configItem>
            <name>ykeydvorakprogr</name>
            <description>Latvian (programmer US Dvorak, Y variant)</description>
          </configItem>
        </variant>
        <variant>
          <configItem>
            <name>minuskeydvorakprogr</name>
	    <description>Latvian (programmer US Dvorak, minus variant)</description>
          </configItem>
        </variant>
        <variant>
          <configItem>
            <name>colemak</name>
            <description>Latvian (US Colemak)</description>
          </configItem>
        </variant>
        <variant>
          <configItem>
            <name>apostrophecolemak</name>
            <description>Latvian (US Colemak, apostrophe variant)</description>
          </configItem>
        </variant>
      </variantList>
    </layout>
    <layout>
      <configItem>
        <name>us</name>
        <shortDescription>en</shortDescription>
        <description>English (US)</description>
        <languageList><iso639Id>eng</iso639Id></languageList>
      </configItem>
      <variantList>
        <variant>
          <configItem>
            <name>intl-unicode</name>
            <description>English (US, international AltGr Unicode combining)</description>
          </configItem>
        </variant>
        <variant>
          <configItem>
            <name>alt-intl-unicode</name>
            <description>English (US, international AltGr Unicode combining, alternative)</description>
          </configItem>
        </variant>
        <variant>
          <configItem>
            <name>ats</name>
            <description>Atsina</description>
            
          </configItem>
        </variant>
        <variant>
          <configItem>
            <name>crd</name>
            <description>Couer D'alene Salish</description>
            <languageList><iso639Id>crd</iso639Id></languageList>
          </configItem>
        </variant>
      </variantList>
    </layout>
    <layout>
      <configItem>
        <name>pl</name>
        <shortDescription>pl</shortDescription>
        <description>Polish</description>
        <languageList><iso639Id>pol</iso639Id></languageList>
      </configItem>
      <variantList>
        <variant>
          <configItem>
            <name>intl</name>
            <description>Polish (international with dead keys)</description>
          </configItem>
        </variant>
      </variantList>
    </layout>
    <layout>
      <configItem>
        <name>ro</name>
        <shortDescription>ro</shortDescription>
        <description>Romanian</description>
        <languageList><iso639Id>rum</iso639Id></languageList>
      </configItem>
      <variantList>
        <variant>
          <configItem>
            <name>crh_dobruja</name>
            <shortDescription>crh</shortDescription>
            <description>Crimean Tatar (Dobruja Q)</description>
            <languageList>
              <iso639Id>crh</iso639Id>
            </languageList>
          </configItem>
        </variant>
        <variant>
          <configItem>
            <name>ergonomic</name>
            <description>Romanian (ergonomic Touchtype)</description>
          </configItem>
        </variant>
      </variantList>
    </layout>
    <layout>
      <configItem>
        <name>rs</name>
        <shortDescription>sr</shortDescription>
        <description>Serbian</description>
        <languageList><iso639Id>srp</iso639Id></languageList>
      </configItem>
      <variantList>
        <variant>
          <configItem>
            <name>combiningkeys</name>
            <description>Serbian (combining accents instead of dead keys)</description>
          </configItem>
        </variant>
      </variantList>
    </layout>
    <layout>
      <configItem>
        <name>ru</name>
        <shortDescription>ru</shortDescription>
        <description>Russian</description>
      </configItem>
      <variantList>
        <variant>
          <configItem>
            <name>chu</name>
            <description>Church Slavonic</description>
            <languageList><iso639Id>chu</iso639Id></languageList>
          </configItem>
        </variant>
        <variant>
          <configItem>
            <name>ruu</name>
            <shortDescription>ru</shortDescription>
            <description>Russian (with Ukrainian-Belorussian layout)</description>
            <languageList><iso639Id>rus</iso639Id>
                          <iso639Id>ukr</iso639Id>
                          <iso639Id>bel</iso639Id></languageList>
          </configItem>
        </variant>
      </variantList>
    </layout>
    <layout>
      <configItem>
        <name>am</name>
        <shortDescription>hy</shortDescription>
        <description>Armenian</description>
        <languageList>
          <iso639Id>hye</iso639Id>
        </languageList>
      </configItem>
      <variantList>
        <variant>
          <configItem>
            <name>olpc-phonetic</name>
            <description>Armenian (OLPC phonetic)</description>
          </configItem>
        </variant>
      </variantList>
    </layout>
  </layoutList>
  <optionList/>
</xkbConfigRegistry>